Name,Year,imdb ID,Allo ID,imdb 10,imdb 9,imdb 8,imdb 7,imdb 6,imdb 5,imdb 4,imdb 3,imdb 2,imdb 1,imdb numVotes,,douban 5,douban 4,douban 3,douban 2,douban 1,frNumVot,frRat,fr 5,fr 4,fr 3,fr 2,fr 1,fr 0,esNumVot,esRat,es 5,es 4,es 3,es 2,es 1,es 0,ptNumVot,ptRat,pt 5,pt 4,pt 3,pt 2,pt 1,pt 0,deNumVot,deRat,de 5,de 4,de 3,de 2,de 1,de 0,trNumVot,trRat,tr 5,tr 4,tr 3,tr 2,tr 1,tr 0
The Wolf of Wall Street,2013,tt0993846,127524,13051,15830,15793,8629,3632,1609,849,592,505,1205,61695,8.05,13080,30813,20160,2764,607,17678,4.1,539,826,326,241,140,188,455,3.8,12,19,12,9,0,11,1686,4.5,77,47,20,14,12,4,716,4.4,29,27,11,7,7,3,168,3.9,16,16,8,1,4,3
Gravity,2013,tt1454468,178496,12136,14522,15449,9897,4774,2252,1214,770,586,1357,62957,7.86,46494,73744,40874,6472,2895,23008,4,922,1252,721,506,261,238,526,3.9,8,21,11,9,5,2,2210,4.3,129,80,50,33,19,14,769,4.2,44,31,16,16,4,6,192,4.1,14,22,14,5,1,2
Man of Steel,2013,tt0770828,123348,10741,10442,15761,13948,8458,4377,2026,1148,845,1491,69237,7.40,9936,30267,41030,8832,2024,19630,3.7,613,987,658,591,263,204,579,3.7,24,26,16,12,9,7,2255,4.4,117,88,47,28,15,11,781,3.9,15,67,47,23,9,2,176,4,5,18,7,4,0,0
Iron Man 3,2013,tt1300854,139589,6953,8359,16645,15898,8029,3314,1458,851,481,1012,63000,7.37,26216,67800,50021,5575,1055,19978,4,419,830,678,423,167,108,515,4,6,18,15,3,5,3,3530,4.5,104,68,70,39,19,13,943,4.2,5,23,22,9,3,2,284,4.3,8,16,10,2,0,1
The Hobbit: The Desolation of Smaug,2013,tt1170358,186918,8392,9284,12440,7823,3468,1433,656,395,238,630,44759,7.92,38227,51780,22820,2548,579,17618,4.3,425,778,424,228,83,50,422,4.2,7,12,17,2,1,1,2463,4.6,93,73,21,14,6,2,893,4.3,16,33,22,13,10,3,321,4.5,13,20,7,3,1,0
World War Z,2013,tt0816711,140631,3547,4914,12204,15320,8073,3347,1426,748,495,864,50938,7.06,9728,36026,32069,3957,660,16756,3.6,192,759,773,418,185,116,542,3.9,12,24,21,7,7,3,1988,4.4,64,88,59,24,13,7,573,3.8,3,22,17,12,4,0,244,4.1,4,16,14,9,1,1
Now You See Me,2013,tt1670345,182605,4511,5092,9965,10450,5807,2744,1334,645,414,610,41572,7.24,27471,72940,49890,6473,1263,18402,4,407,905,579,339,150,90,345,3.8,6,9,13,8,3,2,1697,4.5,61,34,25,7,5,2,416,4,4,12,11,9,3,0,135,4.2,1,7,8,2,0,0
Star Trek Into Darkness,2013,tt1408101,145475,11154,14486,18203,10295,3951,1526,692,397,312,659,61675,8.05,29818,52483,24756,2421,550,10338,4.1,211,591,372,159,61,38,256,4.2,6,19,7,1,0,0,841,4.5,50,40,13,5,1,1,678,4.2,7,26,16,8,2,3,93,4,4,7,0,1,3,0
Frozen,2013,tt2294629,203691,10788,8801,11893,8678,3981,1704,771,476,327,770,48189,7.91,61653,69640,25875,2076,479,9957,4.3,379,439,254,123,43,22,233,4.1,11,7,6,3,0,0,2989,4.7,179,72,33,15,2,1,293,4.3,5,10,3,1,2,0,105,4.2,11,11,6,1,0,0
12 Years a Slave,2013,tt2024544,196885,9145,10650,10515,4892,1775,715,353,241,212,732,39230,8.24,7904,23478,14087,930,139,11416,4.3,363,621,262,120,54,38,283,4,1,13,3,3,0,1,1244,4.6,63,42,15,4,1,2,320,4.2,8,22,6,4,1,2,129,4.2,8,12,7,1,0,0
Oblivion,2013,tt1483013,27405,2683,3906,9449,12186,6735,2688,1146,569,346,507,40215,7.07,5993,21495,30614,5927,1107,13770,3.6,198,710,629,340,121,81,435,3.4,6,17,15,9,2,1,946,4,30,38,31,18,6,7,496,3.6,3,16,19,10,6,2,184,3.9,2,8,8,6,0,0
Pacific Rim,2013,tt1663662,191289,5482,5913,11008,10593,6195,3003,1490,835,542,855,45916,7.25,45851,82532,52920,7642,2102,11444,3.7,262,694,440,287,134,86,191,3.4,5,10,9,5,0,2,1362,4.5,72,59,27,13,6,4,440,3.7,6,18,20,7,8,1,100,4,4,7,6,4,1,0
Thor: The Dark World,2013,tt1981115,193108,4674,5245,11391,11944,5700,2222,877,392,189,452,43086,7.42,15326,39185,28997,3048,522,10976,3.8,145,372,370,161,81,40,264,3.9,4,6,8,5,0,0,3441,4.6,129,75,40,27,4,1,542,4.2,10,11,15,2,0,0,186,4.3,2,3,11,3,0,0
The Great Gatsby,2013,tt1343092,141808,4763,4913,9280,9909,5543,2670,1260,683,447,837,40305,7.22,35151,80220,51508,6090,1044,12387,4,323,580,377,233,109,61,180,3.8,2,6,10,3,2,1,685,4.4,22,31,19,8,0,0,379,4,5,11,3,4,0,1,102,3.9,3,7,8,6,0,0
American Hustle,2013,tt1800241,205330,4362,7661,13721,11397,5156,2127,978,540,329,633,46904,7.47,2240,9489,15369,3422,622,6427,3.4,28,197,278,173,60,29,257,3.1,1,9,16,8,1,5,968,4.1,15,31,27,22,9,2,369,3.8,5,14,13,7,5,5,92,3.6,2,5,5,6,0,1
Prisoners,2013,tt1392214,180887,5064,8746,11918,6063,1925,671,266,183,107,300,35243,8.06,6106,15977,5877,456,114,13711,4.4,390,935,297,92,28,17,181,4.1,4,9,4,0,0,0,836,4.4,23,50,15,8,3,2,394,4.4,6,19,7,2,0,0,73,3.8,1,14,8,3,1,0
Captain Phillips,2013,tt1535109,191696,4242,7465,13036,7353,2267,700,272,147,117,303,35902,7.93,8673,16751,5542,282,63,5364,4.3,155,386,147,45,9,4,250,4.1,7,8,6,2,0,0,902,4.4,48,49,17,2,1,0,268,4.1,5,23,5,1,0,0,82,3.8,1,13,6,2,0,0
Elysium,2013,tt1535108,182991,1804,2513,6656,10827,8070,3490,1457,775,461,734,36787,6.67,1729,8687,24635,7088,1080,11065,3.4,80,401,509,380,124,69,270,3.2,3,10,17,6,2,1,1347,4.2,31,64,53,21,5,5,439,3.6,3,13,11,10,2,2,88,3.7,0,6,10,1,0,0
The Wolverine,2013,tt1430132,146326,2633,2915,7544,10786,6522,2748,1067,507,239,422,35383,7.01,2307,11108,33141,11897,2246,10868,3.4,69,312,433,346,156,79,225,3.3,1,4,9,6,1,2,1936,4.3,30,68,68,32,9,4,405,3.6,2,10,9,8,1,0,145,4,2,8,6,6,0,0
This Is the End,2013,tt1245492,137289,5943,6256,10725,10406,5960,2976,1499,1008,732,1473,46978,7.17,3133,9479,10550,2758,884,3031,3.2,15,76,125,65,32,35,46,2.6,0,2,3,1,0,0,566,3.6,15,11,13,11,7,15,293,3.5,2,11,9,2,4,1,48,2.7,0,3,3,4,0,3
We're the Millers,2013,tt1723121,193459,3432,3727,8498,10748,5657,2242,916,451,489,465,36625,7.17,3411,11272,9022,915,99,4648,3.7,67,192,187,66,21,14,103,3.4,2,3,6,1,0,0,708,4.4,19,22,22,2,1,1,310,3.9,1,10,12,2,0,0,39,3.5,0,1,6,3,0,0
Dallas Buyers Club,2013,tt0790636,137097,3912,7845,12763,5980,1685,519,194,121,74,295,33388,8.03,22751,28946,5905,174,58,7278,4.4,145,425,144,25,6,4,141,4,1,4,3,1,0,0,802,4.6,22,44,10,1,0,0,205,4.1,1,12,4,0,0,0,56,3.7,1,9,4,1,0,0
Rush,2013,tt1979320,195370,2916,5384,7646,4151,1334,450,190,114,75,296,22556,7.96,15297,11379,2177,145,58,6120,4.4,239,442,112,22,4,3,122,4.1,5,7,2,0,0,0,589,4.6,48,28,0,0,0,0,277,4.3,8,18,4,0,0,0,65,3.9,1,11,2,0,0,0
The Conjuring,2013,tt1457767,203607,4758,5438,9597,7437,3260,1333,623,321,194,412,33373,7.67,5891,18616,13196,1335,236,8386,4.2,299,630,289,111,44,27,229,4.2,10,11,9,2,0,0,2041,4.6,141,99,25,14,5,3,335,4.1,8,17,14,5,3,2,112,4.1,11,17,5,1,1,0
Despicable Me 2,2013,tt1690953,190299,3485,3730,7508,6752,2976,1122,467,165,113,298,26616,7.59,42599,64257,33132,3012,430,9755,4.2,172,479,274,96,39,12,283,4.1,4,14,7,2,0,0,2498,4.7,106,52,21,10,0,3,458,4.2,4,10,6,0,0,0,79,4,2,4,5,2,0,0
The Secret Life of Walter Mitty,2013,tt0359950,206710,2864,3531,6293,5516,2491,1123,470,227,145,321,22981,7.53,12137,16340,6920,688,109,8571,4,173,475,289,133,52,36,199,3.2,2,7,9,4,2,4,840,4.3,35,43,31,9,2,2,288,3.9,5,11,5,4,2,0,84,3.9,4,9,8,1,0,0
Monsters University,2013,tt1453405,109572,2900,3344,8249,7839,3052,922,313,129,81,232,27061,7.57,34910,63438,29700,2084,261,6522,4,79,293,275,95,10,5,180,4,0,6,6,1,0,1,1279,4.5,32,44,17,6,0,0,208,3.8,0,2,7,2,0,0,57,3.9,5,4,0,0,0,0
The Hangover Part III,2013,tt1951261,194160,887,580,1743,4004,5171,3485,1728,942,574,760,19874,5.84,1908,7096,16130,4085,596,8524,3.1,63,211,353,279,167,82,141,3.1,3,1,4,3,2,3,1256,4.3,34,18,29,23,7,4,504,3,4,7,12,8,11,4,87,3.6,0,1,5,6,1,1
Olympus Has Fallen,2013,tt2302755,204923,2011,2044,4537,6322,4486,2234,1100,656,419,701,24510,6.73,1613,7965,18417,4604,1008,3759,3.5,59,159,208,116,52,41,151,3.4,2,6,10,8,2,0,407,4.1,5,19,18,6,3,2,199,3.5,5,4,8,4,5,1,64,3.6,2,2,3,2,1,0
Kick-Ass 2,2013,tt1650554,178979,1759,1602,4077,6256,4204,1967,991,458,285,523,22122,6.78,2036,7369,16579,5332,1034,9072,3.9,234,464,288,127,72,34,105,3.5,3,4,6,2,0,0,796,4.5,27,22,17,6,1,1,268,3.8,1,8,8,7,0,2,37,3.4,1,1,2,0,1,1
Don Jon,2013,tt2229499,203316,1258,1576,4349,7046,4564,2100,885,458,294,537,23067,6.71,1137,5329,13310,3458,426,5078,2.7,33,109,186,149,58,49,70,2.9,0,1,3,1,0,0,362,3.6,5,11,8,6,0,1,165,3.3,1,2,7,3,0,1,28,3.1,0,0,1,0,0,0
Warm Bodies,2013,tt1588173,190969,2880,2760,6108,8003,4036,1681,677,350,221,378,27094,7.22,6819,19926,18282,2853,484,5293,3.8,87,276,261,104,44,23,128,3.8,0,4,4,3,0,0,758,3.9,31,20,21,7,3,5,198,3.8,3,8,3,2,0,0,81,4,2,1,4,2,2,0
Lone Survivor,2013,tt1091191,130593,4999,4821,7521,4887,1844,631,265,130,79,293,25470,8.00,3393,7152,3182,267,70,4340,4.3,155,284,135,44,12,9,92,3.6,3,3,6,0,2,1,256,4.4,17,15,7,5,1,0,120,4,4,5,4,1,1,1,36,3.4,1,1,3,0,0,0
The Lone Ranger,2013,tt1210819,135256,1744,1484,3145,4796,3695,2300,1313,807,516,872,20672,6.42,5492,16915,17926,3032,615,8142,3.6,121,417,362,164,70,49,181,3.3,3,5,5,3,1,0,993,4.1,27,28,27,23,5,2,319,3.4,9,12,11,6,3,1,111,4,2,4,7,3,1,0
Ender's Game,2013,tt1731141,45645,2004,2447,5067,6699,4291,2003,869,479,278,527,24664,6.94,6980,21414,24076,5324,1301,4641,3.5,69,198,177,124,65,43,127,3.3,1,5,4,2,1,1,538,4,20,18,15,11,3,4,172,3.8,3,6,5,3,1,0,57,4,2,4,7,1,0,0
Gangster Squad,2013,tt1321870,186168,1149,1279,3599,5937,4270,2069,1023,491,278,397,20492,6.63,551,2836,5342,1153,140,7686,3.8,96,339,350,175,60,26,120,3.4,0,6,7,1,0,1,287,4.2,10,13,11,3,1,1,280,3.8,1,5,9,3,2,0,47,3.7,0,0,2,0,0,0
About Time,2013,tt2194499,201760,2613,2911,4513,2768,1130,410,199,110,58,199,14911,7.92,23524,22323,7969,655,164,3670,4.2,80,189,113,43,11,6,120,3.9,1,10,5,0,0,0,828,4.6,69,30,9,3,2,1,119,4.1,6,10,2,0,0,0,56,3.3,1,1,2,0,0,1
Escape Plan,2013,tt1211956,135257,882,800,2370,4507,3261,1369,566,228,106,195,14284,6.74,11698,36996,22446,1755,219,3743,3.6,60,173,198,104,31,13,68,3.3,0,5,2,0,1,0,516,4.4,17,23,19,4,2,0,169,3.3,1,2,14,4,3,1,66,3.8,1,7,1,2,1,0
The World's End,2013,tt1213663,191174,2398,3093,6084,6419,3347,1455,631,247,159,283,24116,7.32,3847,9313,7829,1237,247,3362,3.5,41,121,120,69,33,18,43,3.3,0,1,4,1,0,0,46,3.3,1,2,1,0,1,1,203,3.4,0,9,9,0,2,1,22,3.4,0,2,4,1,0,0
A Good Day to Die Hard,2013,tt1606378,181111,900,543,1331,2776,4187,3667,2184,1323,891,1122,18924,5.44,1754,7947,20634,5970,1007,8189,2.3,78,145,318,434,327,224,135,3,0,3,4,6,3,3,457,3.9,6,13,15,19,4,4,497,2.5,3,6,7,15,15,8,54,3.6,1,0,6,6,0,0
The Internship,2013,tt2234155,206149,966,935,2597,5171,4698,2286,1052,473,267,457,18902,6.42,602,2129,3754,865,166,2944,3,29,97,130,73,53,30,88,3,1,0,6,2,1,0,819,4.3,21,22,17,9,4,2,122,3.5,2,2,4,1,0,0,40,3.7,0,0,3,1,0,0
Pain & Gain,2013,tt1980209,41005,1102,1018,2998,4985,3880,1986,1055,565,417,684,18690,6.40,544,2359,5861,1644,267,5593,3.3,48,221,250,103,49,45,98,3.1,2,2,7,2,2,0,526,4,9,24,15,9,2,4,296,3.1,2,6,5,3,7,2,44,3.4,0,0,1,1,0,0
White House Down,2013,tt2334879,205806,1303,1103,2544,4333,3778,2104,1015,599,387,871,18037,6.34,8925,29688,20515,2293,558,4808,3.4,54,161,224,112,74,58,107,3.5,1,4,8,2,1,1,610,4.4,22,15,16,8,6,0,398,3.8,4,9,6,8,3,3,48,3.5,2,2,7,0,0,0
2 Guns,2013,tt1272878,189472,944,1116,3289,5907,3820,1403,487,226,147,265,17604,6.83,258,1727,3936,635,60,2548,3.5,8,51,136,71,12,5,80,3.4,0,1,8,0,1,0,240,4.1,3,7,8,4,0,0,202,3.7,0,1,5,3,0,1,37,3.6,0,1,5,0,0,0
Side Effects,2013,tt2053463,200313,960,1856,5416,6633,3100,1103,472,211,138,269,20158,7.11,2521,13190,8100,587,49,4761,3.7,44,231,245,110,25,10,103,3.2,2,1,8,2,0,1,223,4.2,5,11,3,1,0,0,187,3.8,2,10,5,1,3,1,31,3.1,0,0,3,1,0,1
G.I. Joe: Retaliation,2013,tt1583421,170252,1043,640,1734,3538,4383,3061,1505,844,504,715,17967,5.94,3072,13434,27441,6821,1302,4879,2.8,24,90,206,191,96,64,131,3,0,2,3,6,4,2,799,4.2,13,16,17,12,8,3,265,3.3,0,4,5,8,1,3,125,4,1,2,4,2,1,1
The Croods,2013,tt0481499,146916,1688,1738,3822,4223,2265,938,360,177,130,266,15607,7.27,26940,54497,17480,2468,1337,4758,4.2,141,311,156,34,8,8,151,3.8,2,6,4,0,1,0,969,4.5,42,31,18,4,1,0,162,4.1,5,5,2,0,0,0,56,4,1,6,2,0,0,0
Blue Jasmine,2013,tt2334873,206191,1397,2445,5072,4568,1932,792,367,178,104,269,17124,7.39,8932,26505,12233,728,146,5570,3.7,56,283,251,126,38,28,157,3.6,3,11,5,0,1,0,454,4.1,20,27,14,3,0,1,112,3.8,2,6,1,1,1,1,43,3.6,1,6,3,1,0,0
The Heat,2013,tt2404463,207813,2231,2134,4234,5873,3852,1650,760,379,293,499,21905,6.99,670,2413,4474,893,146,1694,3.1,18,69,82,48,35,17,43,3.1,0,1,1,3,0,0,594,4.3,13,10,20,6,3,0,149,3.6,1,4,8,3,2,1,27,3.4,0,1,1,2,0,0
The Purge,2013,tt2184339,201653,850,510,1560,3367,4824,3808,2257,1269,792,994,20231,5.56,518,1912,6254,4170,1538,5225,2.5,35,120,282,264,148,89,122,2.8,0,3,9,5,2,3,345,3.6,7,13,20,16,3,6,222,2.7,1,4,6,11,8,3,38,3.4,0,2,4,2,1,0
Evil Dead,2013,tt1288558,138417,2621,2136,4154,4667,3282,1866,1091,642,476,939,21874,6.79,18339,36677,25806,8224,5672,3807,3.4,114,253,244,142,75,59,102,3.4,1,3,3,5,1,0,693,3.8,22,33,22,15,16,14,303,3.6,5,22,6,7,7,2,67,3.6,2,2,6,3,1,0
Riddick,2013,tt1411250,178185,1198,1007,2464,3922,2965,1525,684,308,194,271,14538,6.74,472,1887,5039,1708,330,3912,2.9,36,103,148,170,102,64,105,3.2,1,3,3,4,1,0,297,4,7,3,6,10,6,0,208,3.8,2,3,8,6,0,0,86,3.8,2,5,3,1,1,1
Anchorman 2: The Legend Continues,2013,tt1229340,205681,1423,1413,3459,5522,4870,2806,1466,876,589,922,23346,6.30,85,226,508,233,57,505,3.3,2,15,26,14,2,0,0,0,0,0,0,0,0,0,98,3.5,1,3,4,4,0,3,64,3.4,1,4,2,0,0,0,10,2.9,0,0,0,2,0,0
The Last Stand,2013,tt1549920,175593,853,606,1924,4098,3519,1751,713,355,200,332,14351,6.45,1909,8248,10862,1454,227,3042,3.3,38,137,256,115,33,19,56,2.9,0,1,6,4,1,1,291,4.2,10,16,19,5,1,0,219,3.5,0,10,7,4,2,1,34,3.5,0,2,3,0,0,0
47 Ronin,2013,tt1335975,141505,621,527,1350,2460,2352,1364,706,392,218,338,10328,6.26,255,966,3833,2117,556,3423,3.3,34,112,166,114,67,19,112,3.2,0,4,6,1,0,1,544,4,17,24,28,13,7,1,146,3.2,1,3,6,7,1,3,126,3.8,4,8,10,7,4,1
Saving Mr. Banks,2013,tt2140373,204100,2258,3176,5695,4312,1572,524,214,119,60,214,18144,7.74,1447,3865,2386,207,48,3125,4.3,116,203,102,31,2,2,80,3.7,1,9,5,2,0,0,129,4.1,7,8,5,2,0,0,76,3.7,1,1,4,0,1,0,24,3.6,0,3,1,2,0,0
Jack the Giant Slayer,2013,tt1351685,142233,678,623,1775,3574,3295,1561,686,342,166,289,12989,6.43,815,4405,12773,3480,551,3616,3.4,27,118,247,98,24,13,95,3.2,0,1,5,1,1,0,466,4,6,16,18,11,3,2,109,3.6,0,2,1,1,0,0,55,3.5,3,1,1,2,1,0
Carrie,2013,tt1939659,194194,1137,1022,1842,2873,3180,1904,973,481,322,509,14243,6.35,607,2331,8915,3907,640,2459,2.9,37,84,149,111,75,32,89,3.1,1,2,9,2,2,0,1291,4.1,45,28,35,24,7,3,133,3,1,3,9,5,9,0,40,3.6,1,2,0,2,0,0
Last Vegas,2013,tt1204975,181122,599,578,1537,2807,2025,940,353,173,95,160,9267,6.72,980,2956,2978,373,29,1761,3.4,9,49,93,50,11,4,39,3.1,0,0,6,2,0,0,369,4.2,10,7,11,3,1,0,80,3.6,0,1,2,1,0,0,21,3.2,0,0,1,1,0,0
The Mortal Instruments: City of Bones,2013,tt1538403,174726,1725,853,1514,1958,1850,1297,774,497,311,555,11334,6.54,461,1432,5122,3835,1299,3277,3.6,79,97,72,67,54,47,138,3.8,8,2,5,2,4,2,1220,4.2,43,23,16,18,8,19,210,3.7,10,5,1,6,3,2,47,4,2,0,0,2,0,0
Grown Ups 2,2013,tt2191701,200730,1069,544,1106,1725,2233,1874,1205,904,855,1600,13115,5.35,358,1014,2187,788,181,813,2.7,8,11,32,23,22,18,68,3.6,2,3,4,0,0,2,798,4,27,13,11,15,6,6,247,3.1,2,2,4,3,5,3,27,3.2,0,0,0,0,1,1
Identity Thief,2013,tt2024432,196847,954,760,1729,3409,4494,3156,1656,930,562,738,18388,5.88,199,1081,2967,810,172,845,2.5,4,14,28,42,20,11,43,2.8,0,1,2,0,2,0,154,3.8,4,4,2,5,1,0,116,2.7,0,1,2,2,5,0,21,2.9,0,0,3,3,0,0
Trance,2013,tt1924429,193485,442,651,1814,2548,1569,737,343,188,124,183,8599,6.76,1166,4871,5752,998,181,3910,3.8,60,217,182,86,37,17,82,3.4,2,2,5,5,0,1,181,4.1,7,5,5,4,0,1,117,3.6,0,6,3,2,0,0,33,3.4,0,2,4,1,0,0
The Host,2013,tt1517260,173053,1279,723,1365,1858,1923,1368,800,580,456,663,11015,6.18,536,1651,3925,2072,588,4812,3.5,106,177,185,111,76,78,141,3.7,3,4,5,2,0,0,865,4,24,18,22,18,10,5,142,3.4,2,5,5,4,3,3,45,3.6,3,0,1,1,0,1
The Book Thief,2013,tt0816442,204237,1385,1428,2418,1631,803,342,154,81,34,106,8382,7.76,2304,4618,2840,303,40,1324,4.1,47,70,36,17,6,6,262,3.9,8,11,15,5,2,0,2138,4.6,94,66,41,16,2,2,48,3.8,2,1,2,0,0,0,0,0,0,0,0,0,0,0
R.I.P.D.,2013,tt0790736,184468,461,299,851,1901,2780,2300,1200,774,458,530,11554,5.55,581,3288,11650,3970,561,2773,2.5,8,49,136,105,70,23,53,2.4,0,0,3,0,0,0,241,3.5,3,3,8,7,3,1,168,2.9,0,2,3,6,2,0,33,3.2,0,0,4,4,0,0
The Call,2013,tt1911644,193235,831,789,1919,3147,2417,1066,445,237,140,223,11214,6.74,1121,5092,4189,424,54,2927,3.7,54,221,176,53,28,11,22,3.3,0,2,0,1,0,0,288,4.3,13,17,11,6,1,0,117,3.8,3,7,6,1,0,0,42,3.5,0,9,4,0,0,0
Parker,2013,tt1904996,193283,406,294,964,2170,2563,1215,514,269,124,221,8740,6.22,850,3747,10166,2290,295,2275,3.4,11,55,118,88,20,5,78,3.4,0,1,7,3,0,0,206,4,1,6,4,7,3,0,165,3.4,0,1,5,5,3,0,79,4,2,0,5,3,1,0
Nebraska,2013,tt1821549,189640,1648,3034,5238,3307,1253,416,191,110,61,138,15396,7.78,6168,7226,1587,121,30,1200,3.9,16,95,64,19,6,0,77,3.8,1,4,3,0,0,0,178,4.2,3,11,6,2,0,0,56,3.8,3,5,1,0,0,0,0,0,0,0,0,0,0,0
Before Midnight,2013,tt2209418,208883,2065,2282,2396,1388,626,307,153,103,93,269,9682,7.93,29711,19028,5898,723,278,600,3.5,8,17,31,17,6,3,48,3.3,1,3,1,1,1,0,156,4.2,19,8,4,4,3,1,53,3.8,4,2,1,1,0,0,20,3.2,0,2,1,0,1,0
The Spectacular Now,2013,tt1714206,142714,1177,1660,3284,3111,1540,575,282,132,72,168,12001,7.39,330,1169,1794,301,33,1044,3.7,7,49,48,16,3,1,16,3.5,1,0,1,0,0,0,159,4.2,5,6,2,2,0,0,16,3.3,0,3,0,0,0,0,15,3.4,0,1,1,2,0,0
Epic,2013,tt0848537,196741,764,638,1615,2752,2121,951,387,191,80,210,9709,6.75,2319,6528,5852,599,77,3047,4,54,169,146,47,11,7,88,3.4,0,0,5,3,0,0,365,4.4,14,4,11,4,0,0,131,3.8,1,4,3,0,1,0,23,3.5,0,0,2,0,0,0
The Family,2013,tt2404311,207801,499,410,1254,2649,2556,1383,679,294,176,206,10106,6.30,3798,13997,15805,2206,362,5198,3,27,144,240,189,104,66,53,2.7,0,1,5,0,1,0,177,4.1,5,8,8,2,1,0,95,3,0,1,2,4,0,0,20,3.2,0,0,2,0,0,0
Stoker,2013,tt1682180,183129,759,992,2130,2598,1724,828,365,211,162,278,10047,6.86,3980,11184,8413,1335,302,2872,3.5,32,147,142,89,23,25,73,3.6,2,1,2,0,0,0,184,3.7,4,6,8,3,2,1,122,3.7,0,9,3,2,0,0,55,3.3,0,2,4,2,0,0
The Butler,2013,tt1327773,188951,1732,1502,2676,3060,1751,733,399,286,224,816,13179,6.95,1897,6057,5551,506,56,9413,4.3,223,464,280,132,29,16,152,3.7,1,6,3,2,0,1,349,4.4,12,9,8,3,0,1,79,3.6,2,3,2,0,1,1,14,3.5,1,1,2,0,0,0
Percy Jackson: Sea of Monsters,2013,tt1854564,191035,914,509,1092,1880,2138,1297,675,364,220,316,9405,6.32,180,831,3842,2180,457,4604,3.3,72,122,182,143,68,44,93,3.6,0,1,3,4,1,0,2321,4.3,59,41,53,39,17,19,156,3.6,1,1,3,0,1,0,105,4.1,3,0,6,0,0,0
Inside Llewyn Davis,2013,tt2042568,195051,1549,2409,3809,2985,1492,659,278,148,102,223,13654,7.53,6038,11634,5129,443,70,3695,3.6,37,187,144,113,46,32,66,3.5,1,2,3,1,1,0,67,3.8,1,2,5,0,0,0,101,3.9,3,10,4,0,0,0,26,3.6,2,4,0,0,0,0
Only God Forgives,2013,tt1602613,172433,1107,630,1301,1695,1635,1350,966,646,464,702,10496,6.00,319,993,2183,1568,743,6755,2.2,141,265,206,271,250,367,42,2.7,0,1,1,2,1,1,0,0,0,0,0,0,0,0,185,3,3,7,9,5,1,6,21,2.4,0,0,0,1,0,1
The Counselor,2013,tt2193215,202971,388,415,838,1429,1882,1841,1243,755,509,667,9967,5.39,141,395,1326,1796,733,3992,1.7,30,84,126,155,187,228,97,1.9,0,0,1,9,4,9,285,2.2,2,6,9,17,17,20,156,2.2,2,1,4,5,7,6,28,2.5,0,0,4,2,3,0
Jackass Presents: Bad Grandpa,2013,tt3063516,186887,1008,888,2025,3249,2400,1114,518,308,226,395,12131,6.66,287,748,1165,501,197,796,3,10,22,43,32,15,10,11,2.8,0,0,1,0,1,0,425,4.2,10,4,13,4,1,1,113,3.5,0,1,4,4,2,0,9,3.1,0,1,0,0,0,0
Movie 43,2013,tt1333125,189172,596,263,635,1007,1335,1450,1251,1112,1155,2321,11125,4.38,808,1665,2819,1240,545,1630,2.1,29,43,51,51,60,74,54,2.2,0,0,0,0,1,2,456,2.8,10,3,6,6,6,28,155,2.2,2,1,4,1,3,7,20,3,0,1,2,0,0,0
Jobs,2013,tt2357129,198187,440,279,710,1400,1741,1065,501,311,179,541,7167,5.86,922,3281,8762,3866,905,2623,3,23,72,119,119,32,16,88,3.2,1,2,7,2,2,0,311,3.9,6,4,9,6,1,2,34,3.2,0,0,1,0,1,0,25,3.5,0,1,3,0,0,0
Philomena,2013,tt2431286,213656,1083,1951,3593,2365,693,206,89,40,20,89,10129,7.85,3187,4896,1143,46,19,2912,4.2,72,250,99,23,11,1,51,3.4,0,2,5,1,0,0,352,4.4,24,15,8,0,0,0,52,3.9,2,3,1,0,0,0,16,3.4,0,2,1,0,0,0
Enemy,2013,tt2316411,205131,586,780,1581,1834,1189,585,321,166,155,257,7454,6.81,573,2392,2351,394,81,3080,2.7,32,94,115,91,54,59,54,2.7,1,3,2,1,2,3,188,3.1,4,9,4,3,10,5,84,3.1,0,7,2,0,4,1,29,3.4,2,5,2,1,1,0
Safe Haven,2013,tt1702439,208306,1054,729,1429,2136,1620,866,461,253,162,285,8995,6.75,255,938,1880,407,57,667,4,12,28,18,15,4,2,59,3.6,2,1,0,3,0,2,440,4.5,31,6,8,2,0,0,79,3.8,3,1,2,0,0,0,14,3.3,1,0,1,0,0,0
Oculus,2013,tt2388715,226396,698,706,1825,2900,2086,1099,553,296,197,274,10634,6.58,57,324,441,144,34,524,3.4,3,22,41,14,2,1,18,3.3,1,0,1,1,0,0,199,3.6,4,11,17,13,4,1,18,3.2,0,0,2,0,0,0,29,3.2,0,1,2,4,0,0
42,2013,tt0453562,135624,2028,2420,5048,4042,1609,533,200,80,60,214,16234,7.66,1802,4541,2240,131,26,425,4.2,9,16,23,2,0,0,0,0,0,0,0,0,0,0,75,4.1,5,4,1,0,0,0,39,3.6,2,0,1,0,0,0,6,3.2,0,0,0,0,0,0
Beautiful Creatures,2013,tt1559547,176164,922,598,1363,1969,1809,1090,632,357,209,416,9365,6.41,95,382,1155,718,216,4707,3,77,142,187,183,131,139,68,3.6,3,1,2,1,0,1,693,3.9,18,12,24,16,13,5,64,3.4,2,2,2,3,0,0,39,3.5,0,2,1,0,1,0
The Bling Ring,2013,tt2132285,204184,380,273,756,1430,1885,1436,846,431,237,332,8006,5.78,3475,11970,21237,7916,3668,4523,2.5,17,75,181,200,109,60,34,2.8,0,1,1,1,1,0,306,3.8,1,6,6,2,3,0,89,2.7,2,1,1,1,3,3,21,3.3,0,0,5,0,0,0
Broken City,2013,tt1235522,138189,219,195,772,2040,2699,1418,573,221,114,209,8460,6.04,61,353,1825,877,116,1419,2.9,2,23,69,86,16,5,64,2.9,0,0,3,0,1,0,82,3.7,0,0,4,2,0,0,95,3.1,0,1,3,2,0,0,23,3.3,0,0,0,0,1,0
Snitch,2013,tt0882977,130326,464,397,1303,2695,2112,881,336,136,76,163,8563,6.62,172,782,2564,968,168,1544,3.5,12,51,110,40,7,1,50,2.9,0,0,7,1,1,1,170,4.2,2,6,9,1,0,0,105,3.4,0,0,4,2,1,0,31,3.7,0,0,1,0,0,0
Filth,2013,tt1450321,201765,344,396,991,1288,821,405,178,99,69,89,4680,6.87,2255,4746,2829,359,51,582,3.8,10,36,22,13,3,1,12,3.4,0,0,1,0,0,0,0,0,0,0,0,0,0,0,115,3.7,4,6,1,1,0,0,19,3.5,0,1,1,0,0,0
August: Osage County,2013,tt1322269,186179,927,1191,2395,2330,1175,564,273,166,101,218,9340,7.21,3882,7280,3105,322,59,2237,3.6,32,137,115,57,31,6,111,3.5,3,4,6,0,1,1,345,4.1,8,22,18,2,1,0,62,3.5,0,4,1,0,1,1,16,2.8,0,0,0,1,0,1
21 & Over,2013,tt1711425,194474,448,319,747,1360,1900,1278,580,377,204,340,7553,5.94,288,988,2813,1187,266,323,2.9,2,6,10,11,4,6,8,2.6,0,0,0,0,0,0,283,4.1,5,7,8,1,2,1,52,2.9,0,0,3,2,1,0,25,2.9,0,1,2,2,0,0
Turbo,2013,tt1860353,191356,437,312,863,1578,1612,741,369,153,93,165,6323,6.45,2876,9707,10090,1150,144,2482,3.8,27,133,108,34,12,5,67,3.6,0,2,1,2,0,0,284,4.2,9,2,7,6,1,1,80,3.7,1,1,1,0,0,0,25,3.7,0,1,4,0,0,0
All Is Lost,2013,tt2017038,200956,545,873,1930,2392,1250,613,268,160,121,214,8366,6.94,1119,2970,1896,265,70,1308,3.3,17,76,78,42,22,18,34,2.8,0,0,4,0,1,0,102,3.3,3,2,10,2,2,1,89,3.4,1,5,5,0,2,0,26,3.3,0,3,3,2,0,0
Dead Man Down,2013,tt2101341,199062,350,351,1061,2093,1613,718,279,127,63,139,6794,6.60,79,431,1552,589,76,1613,3.5,14,71,108,51,9,2,32,3.2,0,0,3,1,1,0,55,3.7,0,2,3,0,0,0,67,3.2,0,4,0,1,0,0,27,3.4,0,0,2,1,0,0
Machete Kills,2013,tt2002718,196177,453,253,612,1150,1513,1069,663,312,230,360,6615,5.83,355,807,2488,1456,536,2325,2.9,29,79,113,80,45,30,0,0,0,0,0,0,0,0,75,3.8,2,2,3,1,2,2,133,3,1,3,7,3,4,1,19,3.4,0,0,3,1,0,0
Delivery Man,2013,tt2387559,210939,325,278,883,1867,1807,852,363,162,75,128,6740,6.41,75,380,673,91,14,0,0,0,0,0,0,0,0,23,2.6,0,0,2,2,0,1,172,4.1,4,5,10,2,0,0,24,2.4,0,0,1,1,1,3,13,3.2,0,1,2,2,0,0
Runner Runner,2013,tt2364841,206201,136,130,342,1041,1691,1305,600,297,150,227,5919,5.58,52,237,1743,1414,252,2274,2.6,3,22,83,104,40,6,49,2.7,0,0,0,3,0,1,204,3.8,3,4,2,9,3,0,89,3.1,0,1,1,3,1,0,27,3.4,0,0,2,2,1,0
Scary Movie 5,2013,tt0795461,112361,259,67,121,213,395,549,700,751,687,1296,5038,3.67,361,949,3543,2892,1292,0,0,0,0,0,0,0,0,63,2.4,0,1,0,1,1,4,537,3.2,8,2,9,13,15,18,144,2.8,3,3,5,1,6,4,43,3,2,1,0,5,1,2
Enough Said,2013,tt2390361,223008,404,839,2181,2721,1140,363,144,59,36,74,7961,7.24,480,2065,1429,107,21,305,3.3,2,12,34,6,2,0,33,3.2,0,0,6,0,1,0,70,3.7,3,6,6,0,0,0,28,3.1,0,0,3,0,0,0,12,3.1,0,2,0,0,0,0
Europa Report,2013,tt2051879,197237,432,451,1230,2062,1548,766,333,166,84,132,7204,6.65,733,2192,2700,669,135,415,2.6,2,23,34,19,13,7,8,3,0,0,0,0,0,0,0,0,0,0,0,0,0,0,36,3.1,0,1,3,3,1,0,0,0,0,0,0,0,0,0
Oldboy,2013,tt1321511,140489,362,295,744,1412,1501,1054,557,345,253,604,7127,5.72,300,1025,2096,725,146,1039,2.8,8,36,66,56,26,16,23,3.3,0,1,1,0,0,1,66,3,1,0,6,4,0,0,69,2.9,0,1,3,2,2,0,16,3.3,0,0,0,2,0,0
Fruitvale Station,2013,tt2334649,206453,1420,1607,2793,1948,710,243,124,114,269,231,9459,7.58,506,1855,1281,121,15,836,4,14,51,45,17,2,3,6,3.1,0,0,0,0,0,0,62,3.8,0,3,3,0,0,1,40,3.6,0,1,1,0,0,0,14,3.1,0,1,3,0,0,0
Drinking Buddies,2013,tt2265398,219607,354,391,1140,1911,1804,917,484,236,141,192,7570,6.35,56,244,542,202,41,221,2.3,0,2,8,10,4,3,10,3,0,0,0,0,0,0,0,0,0,0,0,0,0,0,12,3.3,0,0,0,1,0,0,9,2.9,0,1,0,1,1,0
Grudge Match,2013,tt1661382,186903,320,226,693,1547,1430,720,294,126,72,114,5542,6.42,207,698,899,120,16,1479,3.5,21,71,115,32,19,3,35,3,0,0,3,0,1,0,123,3.9,4,2,5,1,1,1,90,3.4,0,1,7,4,0,0,0,0,0,0,0,0,0,0
Short Term 12,2013,tt2370248,221967,1551,2104,2055,902,322,120,45,31,17,67,7214,8.33,579,1339,692,70,13,1608,4.2,31,103,45,19,7,5,13,3.3,0,2,0,0,0,0,0,0,0,0,0,0,0,0,27,3.7,1,2,0,0,0,0,10,3.2,0,2,0,0,0,0
Horns,2013,tt1528071,173989,417,357,1075,1515,1052,557,245,133,80,180,5611,6.67,185,91,46,17,47,2637,3.1,22,83,150,73,38,22,0,0,0,0,0,0,0,0,0,0,0,0,0,0,0,0,0,0,0,0,0,0,0,0,0,0,0,0,0,0,0,0
The Big Wedding,2013,tt1931435,196512,203,148,353,728,963,808,393,265,183,302,4346,5.55,137,642,2393,832,132,853,2.4,5,12,31,56,21,13,51,3,0,0,2,1,1,1,0,0,0,0,0,0,0,0,36,2.5,0,1,0,2,1,1,0,0,0,0,0,0,0,0
What If,2013,tt1486834,210229,233,299,744,1063,563,226,77,28,16,65,3314,7.06,236,150,47,18,45,577,3.3,2,12,24,8,5,3,22,3.4,0,0,3,1,0,0,186,3.9,0,5,8,1,0,0,0,0,0,0,0,0,0,0,11,3.3,0,1,0,1,0,0
Texas Chainsaw 3D,2013,tt1572315,193639,482,176,382,695,1038,1206,900,736,509,790,6914,4.95,166,516,2207,1421,421,1022,2,6,25,50,59,57,52,5,2.9,0,0,0,1,0,0,0,0,0,0,0,0,0,0,31,2.7,1,0,2,2,0,1,31,3.4,0,0,2,3,0,0
Planes,2013,tt1691917,183447,272,129,391,722,1016,740,422,216,140,298,4346,5.70,213,844,2206,530,74,1605,2.9,13,32,61,88,33,11,56,3,0,1,1,1,3,1,0,0,0,0,0,0,0,0,40,3.4,0,1,0,0,1,0,33,3.5,0,0,1,3,0,0
A Haunted House,2013,tt2243537,213654,431,174,394,707,880,918,664,460,378,644,5650,5.18,123,305,782,542,205,462,2.7,5,15,37,14,9,8,11,2.7,0,0,0,0,1,0,335,3.6,8,8,11,9,5,5,47,2.7,0,0,2,0,3,1,8,2.6,0,0,0,1,0,1
Chennai Express,2013,tt2112124,222532,130,50,87,117,124,104,61,40,46,154,913,5.63,36,106,240,58,14,106,4,11,4,7,3,0,0,0,0,0,0,0,0,0,0,4,3.2,0,0,0,0,0,0,13,3.3,0,1,0,0,0,1,21,3.8,0,1,1,0,0,0
Bad Words,2013,tt2170299,210042,399,511,1522,2484,1546,579,179,106,54,134,7514,6.87,69,233,334,48,8,170,3.1,0,5,13,6,1,1,6,3.1,0,0,1,0,0,0,12,3.3,0,1,0,0,0,0,4,3.1,0,0,0,0,0,0,6,3,0,0,0,0,0,0
Admission,2013,tt1814621,189444,186,157,550,1433,2140,1468,628,309,112,195,7178,5.82,54,277,1236,451,64,0,0,0,0,0,0,0,0,0,0,0,0,0,0,0,0,0,0,0,0,0,0,0,0,7,3.1,0,1,0,0,0,0,6,3,0,0,0,1,0,0
Labor Day,2013,tt1967545,172227,402,391,965,1334,731,373,158,86,38,104,4582,6.97,685,1659,1075,84,7,1611,3.9,21,97,69,26,10,1,26,3.3,0,1,2,0,0,0,47,3.7,1,2,2,0,0,1,34,3.5,0,3,5,0,0,0,8,3.1,0,0,1,0,0,0
The To Do List,2013,tt1758795,191425,325,253,624,1120,1297,659,325,144,92,140,4979,6.32,16,62,278,233,70,121,2.1,0,1,2,3,2,1,6,2.7,0,0,0,0,0,0,0,0,0,0,0,0,0,0,13,2.8,0,0,0,1,0,0,5,2.7,0,0,0,0,0,0
Killing Season,2013,tt1480295,185510,96,65,207,486,754,658,373,180,113,170,3102,5.43,132,654,1827,529,77,459,2.5,3,6,24,23,17,5,14,2.7,0,0,0,1,0,0,69,3.1,1,0,5,6,2,0,25,3,0,1,0,0,0,0,0,0,0,0,0,0,0,0
The Smurfs 2,2013,tt2017020,196701,271,79,141,286,401,405,213,162,124,306,2388,5.39,970,3572,8025,1808,338,1528,3.3,23,36,70,53,26,21,59,3.3,1,0,4,1,1,0,463,4.3,16,12,21,3,1,1,68,3.6,0,2,1,0,0,0,56,3.8,0,1,2,1,0,1
The Fifth Estate,2013,tt1837703,210472,154,84,291,594,670,387,185,98,61,192,2716,5.92,245,942,1964,434,66,651,3,9,13,37,28,6,9,41,3.1,0,0,1,3,0,1,43,3.8,3,1,1,0,0,0,38,3.1,0,0,2,0,0,0,0,0,0,0,0,0,0,0
Welcome to the Punch,2013,tt1684233,193086,113,54,226,490,591,325,141,57,33,47,2077,6.20,146,543,2368,969,150,397,2.9,2,7,23,22,8,0,7,2.8,0,0,0,0,0,0,41,3.5,0,1,0,0,0,0,19,2.7,0,0,0,1,0,0,12,3.3,1,0,2,0,0,0
V/H/S/2,2013,tt2450186,216165,352,320,848,1249,1141,637,347,205,134,194,5427,6.34,184,576,853,226,57,119,3,2,9,9,5,4,3,6,2.7,0,0,0,0,0,0,0,0,0,0,0,0,0,0,30,3.1,0,1,3,0,0,0,12,2.7,0,1,2,0,0,1
The Railway Man,2013,tt2058107,197317,188,216,518,658,323,124,49,8,16,41,2141,7.20,63,219,555,157,20,420,3.6,4,35,34,14,5,2,21,3.4,0,2,3,0,0,0,0,0,0,0,0,0,0,0,0,0,0,0,0,0,0,0,12,3.2,0,1,1,0,0,0
Kill Your Darlings,2013,tt1311071,144804,272,220,518,732,567,282,143,64,39,104,2941,6.71,1185,3876,3192,337,61,0,0,0,0,0,0,0,0,12,3.3,0,0,2,0,0,0,109,4.1,1,4,2,0,1,0,28,3.4,0,4,0,0,0,0,13,3.3,1,1,0,1,0,0
Hours,2013,tt2094018,198182,328,126,322,558,453,270,134,61,31,59,2342,6.75,363,788,1171,221,28,344,3.3,6,8,22,9,5,2,9,3.2,0,0,1,0,0,0,64,3.9,2,4,1,0,1,1,25,3.2,1,0,0,1,0,0,7,3.1,0,0,1,0,0,0
Yeh Jawaani Hai Deewani,2013,tt2178470,221160,75,62,117,152,117,54,27,19,18,58,699,6.49,266,560,429,75,13,0,0,0,0,0,0,0,0,0,0,0,0,0,0,0,0,0,0,0,0,0,0,0,0,5,3.3,0,0,0,0,0,0,0,0,0,0,0,0,0,0
Escape from Planet Earth,2013,tt0765446,176841,186,102,236,457,706,537,249,123,77,136,2809,5.85,259,1023,2001,371,52,132,3.3,0,2,12,3,0,0,5,2.9,0,0,0,0,0,0,0,0,0,0,0,0,0,0,8,2.8,0,0,0,1,0,0,11,3.1,0,0,0,0,0,0
Mandela: Long Walk to Freedom,2013,tt2304771,204700,210,187,414,586,335,115,37,32,15,94,2025,6.99,83,320,533,79,15,1741,4.2,36,92,60,21,6,2,25,3.2,0,2,3,1,0,0,29,3.7,1,3,0,0,0,0,35,3.5,0,1,4,0,0,0,13,3.4,0,0,1,0,0,0
Getaway,2013,tt2167202,207526,143,52,104,208,323,492,460,354,299,418,2853,4.38,19,87,292,359,110,299,2.4,1,3,11,15,10,8,0,0,0,0,0,0,0,0,73,4,2,3,1,5,0,1,37,2.4,0,0,1,0,1,3,14,3.6,0,0,0,0,0,0
How I Live Now,2013,tt1894476,200881,256,191,459,765,517,272,129,67,43,45,2744,6.78,68,128,350,193,32,524,3.7,8,23,39,17,6,0,17,3.5,0,0,1,0,0,0,34,3.9,2,1,2,0,0,0,10,3.3,0,1,0,1,0,0,8,3.3,0,0,1,0,0,0
Charlie Countryman,2013,tt1196948,181402,220,197,419,596,423,250,128,46,41,84,2404,6.70,194,490,1021,391,54,676,3.6,6,46,30,20,4,1,7,3.2,0,0,0,0,0,0,0,0,0,0,0,0,0,0,26,3.3,0,5,0,0,0,0,12,3.3,0,2,0,0,0,0
Upstream Color,2013,tt2084989,216486,597,659,949,807,463,312,185,101,99,162,4334,7.13,118,318,613,257,113,43,3,2,1,1,1,0,1,9,2.9,0,0,1,0,0,0,0,0,0,0,0,0,0,0,7,2.9,0,0,0,0,0,0,6,2.7,0,0,0,0,0,1
Free Birds,2013,tt1621039,214797,158,81,193,374,579,410,228,123,88,152,2386,5.70,198,826,2641,1053,232,104,3.1,1,3,7,2,0,0,21,3,0,0,0,2,0,0,184,3.8,6,2,5,3,4,3,11,3.1,0,0,0,0,0,0,18,3.4,1,0,1,0,0,0
Fading Gigolo,2013,tt2258345,204226,77,105,240,418,404,200,93,42,24,88,1691,6.28,22,51,64,9,1,1079,3.1,7,34,73,41,10,5,34,2.8,0,2,3,0,1,1,79,3.6,1,6,5,1,1,0,14,3.2,0,0,0,0,0,0,8,3,0,0,0,0,0,0
Closed Circuit,2013,tt2218003,206103,55,66,241,550,669,390,149,53,24,53,2250,6.11,32,199,671,208,18,262,3.1,1,6,10,17,2,0,0,0,0,0,0,0,0,0,19,3.4,0,0,0,0,0,0,12,3,0,0,1,0,0,0,8,3,0,1,0,1,0,0
Knights of Badassdom,2013,tt1545660,182828,235,129,262,421,536,388,224,146,72,106,2519,6.07,4,17,66,76,59,74,3,0,3,5,2,1,1,0,0,0,0,0,0,0,0,0,0,0,0,0,0,0,0,6,3.1,0,0,0,0,0,0,0,0,0,0,0,0,0,0
Krrish 3,2013,tt1029231,224566,68,19,36,55,48,52,35,22,27,74,436,5.52,18,29,176,65,24,137,2.3,1,3,6,5,3,10,2,3,0,0,0,0,0,0,0,0,0,0,0,0,0,0,2,3,0,0,0,0,0,0,0,0,0,0,0,0,0,0
Prince Avalanche,2013,tt2195548,216513,122,174,511,821,711,358,187,102,55,58,3099,6.42,192,793,621,80,22,286,3.2,1,9,18,9,5,2,4,3.1,0,0,0,0,0,0,9,3.3,0,1,0,0,0,0,19,3.4,0,1,1,0,0,0,4,3.1,0,0,0,0,0,0
Ain't Them Bodies Saints,2013,tt2388637,206994,249,382,508,824,616,303,125,50,34,79,3170,6.87,69,322,728,198,30,615,3,3,20,34,32,12,3,11,3.3,0,0,1,0,0,0,12,3.3,0,0,0,0,0,0,11,3.3,0,4,1,0,0,0,12,3.4,0,0,1,1,0,0
Doragon bôru Z: Kami to kami,2013,tt2263944,211245,288,130,233,200,101,70,32,27,9,50,1140,7.50,1279,1983,2292,482,142,0,0,0,0,0,0,0,0,44,3.5,2,2,0,0,0,0,1213,4.6,44,15,22,16,4,5,11,3.3,0,0,0,0,0,0,0,0,0,0,0,0,0,0
Palo Alto,2013,tt2479800,223474,158,141,339,541,515,319,140,74,55,96,2378,6.32,4,23,24,4,1,774,3.3,6,14,39,23,5,2,4,3.2,0,0,0,0,0,0,0,0,0,0,0,0,0,0,4,3.2,1,0,0,0,0,0,6,3.2,0,0,1,0,0,0
Diana,2013,tt1758595,199230,63,46,66,141,203,191,117,73,49,86,1035,5.41,1112,2142,3454,1367,1039,877,2.6,9,19,46,65,29,8,20,2.6,0,0,0,1,1,0,72,3.7,2,2,0,3,1,0,12,3.1,0,0,0,0,0,0,12,2.8,0,2,0,0,0,1
We Are What We Are,2013,tt2309021,207102,106,127,290,525,549,390,196,87,65,86,2421,6.07,7,49,201,169,48,269,2.7,4,10,15,15,5,2,10,2.8,0,0,0,1,0,0,52,3.3,1,5,4,2,1,2,15,3.1,0,3,0,1,0,0,7,2.9,0,0,0,1,0,0
The Starving Games,2013,tt2403029,207465,97,36,71,82,153,203,187,194,199,479,1701,3.87,156,357,1300,989,441,0,0,0,0,0,0,0,0,0,0,0,0,0,0,0,0,0,0,0,0,0,0,0,0,65,1.7,2,0,0,1,3,11,0,0,0,0,0,0,0,0
Metallica Through the Never,2013,tt2172935,204516,287,150,299,329,186,97,44,24,12,64,1492,7.27,119,215,188,44,15,464,4,23,35,26,13,8,4,14,3.4,0,0,2,0,0,0,100,4.3,5,3,0,0,0,0,31,3.6,0,2,0,1,0,0,11,3.4,1,2,0,0,0,0
The Haunting in Connecticut 2: Ghosts of Georgia,2013,tt1457765,196797,119,56,163,291,336,395,269,169,94,122,2014,5.42,50,207,856,457,98,207,2.8,2,5,15,11,10,3,32,2.3,0,0,0,3,0,2,0,0,0,0,0,0,0,0,11,3.1,0,1,0,0,0,0,0,0,0,0,0,0,0,0
The Best Man Holiday,2013,tt2083355,221549,685,342,548,592,342,159,75,47,29,152,2971,7.39,15,42,151,63,10,81,3.6,2,0,1,0,0,0,3,3.1,0,0,0,0,0,0,6,3.2,0,0,0,0,0,0,3,3.1,0,0,0,0,0,0,0,0,0,0,0,0,0,0
The Lifeguard,2013,tt2265534,210256,160,108,213,436,512,405,239,121,73,99,2366,5.91,38,170,430,141,24,0,0,0,0,0,0,0,0,3,3.1,0,0,0,0,0,0,9,3.1,0,0,0,0,0,0,3,3.1,0,0,0,0,0,0,3,3.1,0,0,0,0,0,0
Temptation: Confessions of a Marriage Counselor,2013,tt2070862,203544,362,134,248,297,302,287,200,163,182,720,2895,5.01,20,71,98,32,7,18,3.4,1,2,1,0,0,0,0,0,0,0,0,0,0,0,0,0,0,0,0,0,0,0,3,3.1,1,0,0,0,0,0,3,3.1,0,0,0,0,0,0
Race 2,2013,tt1375789,206726,20,7,23,42,47,70,49,29,21,57,365,4.81,37,134,217,48,14,4,3.2,0,0,0,0,0,0,1,3,0,0,0,0,0,0,0,0,0,0,0,0,0,0,1,3,0,0,0,0,0,0,1,3,0,0,0,0,0,0
A.C.O.D.,2013,tt1311060,196863,65,35,144,370,602,368,148,54,42,51,1879,5.88,4,20,56,19,1,100,2.3,0,1,3,7,0,1,5,3.1,1,0,1,0,0,0,17,3.1,0,1,0,1,0,0,5,2.9,0,0,0,0,0,0,4,3,0,0,0,0,0,0
Life of Crime,2013,tt1663207,179186,59,31,96,291,374,259,79,34,30,57,1310,5.91,119,59,22,6,45,0,0,0,0,0,0,0,0,4,3,0,0,0,0,0,0,14,2.7,0,0,0,0,0,0,5,3,0,0,0,0,0,0,8,3,0,0,0,1,0,0
Lootera,2013,tt2224317,221728,46,51,73,53,35,29,8,7,6,16,324,7.13,10,25,46,21,3,2,3.1,0,0,0,0,0,0,0,0,0,0,0,0,0,0,0,0,0,0,0,0,0,0,1,3,0,0,0,0,0,0,0,0,0,0,0,0,0,0
The Grand Seduction,2013,tt2319580,207118,59,59,175,282,167,49,24,7,3,14,839,7.01,178,263,71,11,14,43,3.1,1,3,1,3,0,0,17,3.3,0,0,2,0,0,0,0,0,0,0,0,0,0,0,14,3.1,0,0,0,1,0,0,0,0,0,0,0,0,0,0
The Canyons,2013,tt2292959,208744,106,26,77,106,172,211,256,223,230,369,1776,4.09,9,36,178,373,182,345,2,2,7,19,21,12,7,4,3,0,0,0,0,0,0,0,0,0,0,0,0,0,0,14,2.9,0,0,0,0,0,0,5,2.9,0,0,0,0,0,0
Go Goa Gone,2013,tt2436516,219097,22,14,41,83,59,33,20,7,8,22,309,6.19,14,44,138,67,23,6,3.2,0,1,2,0,0,0,0,0,0,0,0,0,0,0,0,0,0,0,0,0,0,0,1,3,0,0,0,0,0,0,0,0,0,0,0,0,0,0
The English Teacher,2013,tt2055765,197504,51,34,81,199,304,167,72,48,20,32,1008,5.97,55,282,858,173,11,88,2.8,0,1,2,3,1,0,4,3,0,0,0,1,0,0,0,0,0,0,0,0,0,0,7,2.9,0,0,0,0,0,0,0,0,0,0,0,0,0,0
Scenic Route,2013,tt2012011,219016,116,102,270,436,300,148,62,37,19,37,1527,6.72,77,362,402,103,27,178,3.2,1,14,11,8,1,0,3,3,0,0,0,0,0,0,6,3,0,0,1,1,0,0,6,2.8,0,0,0,0,0,0,0,0,0,0,0,0,0,0
Hell Baby,2013,tt2318527,205153,116,57,118,234,326,337,192,138,85,90,1693,5.52,2,8,19,48,65,17,2.9,1,0,2,0,0,0,3,2.9,0,0,0,0,0,0,0,0,0,0,0,0,0,0,3,2.9,0,0,1,0,0,0,3,2.9,0,0,0,0,0,0
Hammer of the Gods,2013,tt2193418,216630,45,17,43,70,104,141,128,83,54,78,763,4.87,13,30,189,269,172,178,2,2,1,7,9,4,10,0,0,0,0,0,0,0,0,17,2.7,0,0,0,0,1,1,5,3,0,0,0,0,0,0,0,0,0,0,0,0,0,0
Afternoon Delight,2013,tt2312890,216294,61,57,111,252,289,200,102,44,34,50,1200,5.97,3,26,88,30,5,84,2.7,0,2,3,6,0,0,3,3,0,0,0,0,0,0,0,0,0,0,0,0,0,0,3,3,0,0,0,0,0,0,0,0,0,0,0,0,0,0
Baggage Claim,2013,tt1171222,133723,111,40,88,162,276,252,181,127,101,128,1466,5.22,3,8,49,25,8,151,3,1,1,2,4,5,1,0,0,0,0,0,0,0,0,0,0,0,0,0,0,0,0,4,2.9,0,0,0,0,0,0,0,0,0,0,0,0,0,0
Escape from Tomorrow,2013,tt2187884,218031,124,63,210,315,419,343,241,179,143,178,2215,5.37,10,20,31,22,18,36,2.3,0,1,3,3,1,1,0,0,0,0,0,0,0,0,0,0,0,0,0,0,0,0,6,3.1,0,0,0,0,0,0,4,3,0,0,0,0,0,0
Love and Honor,2013,tt1976989,187819,75,23,64,113,184,119,69,39,27,50,763,5.84,5,13,64,37,9,106,2.8,0,0,3,3,1,0,9,3.3,0,0,0,0,0,0,69,4,1,0,2,2,0,0,9,3,0,0,0,0,0,0,0,0,0,0,0,0,0,0
G.B.F.,2013,tt2429074,225054,239,107,183,207,212,129,74,45,30,74,1300,6.73,19,60,180,39,8,13,3.4,0,1,0,0,0,0,0,0,0,0,0,0,0,0,0,0,0,0,0,0,0,0,3,3.1,0,0,0,0,0,0,0,0,0,0,0,0,0,0
Nurse 3D,2013,tt1913166,196016,57,21,55,107,151,164,143,103,87,88,976,4.94,316,533,1155,975,699,0,0,0,0,0,0,0,0,4,2.9,0,0,0,0,0,0,0,0,0,0,0,0,0,0,9,2.8,0,1,0,0,0,0,0,0,0,0,0,0,0,0
Fukrey,2013,tt2806788,221498,18,14,31,57,32,19,6,6,5,13,201,6.49,920,1988,937,177,185,1,3,0,0,0,0,0,0,0,0,0,0,0,0,0,0,0,0,0,0,0,0,0,0,1,3,0,0,0,0,0,0,0,0,0,0,0,0,0,0
The Pretty One,2013,tt2140577,205771,68,37,100,164,127,60,19,10,5,23,613,6.79,223,526,454,93,74,0,0,0,0,0,0,0,0,5,3,0,0,0,0,0,0,0,0,0,0,0,0,0,0,5,3,0,0,0,0,0,0,5,3,0,0,0,0,0,0
Matru ki Bijlee ka Mandola,2013,tt2106537,216663,24,24,20,42,48,31,26,11,12,29,267,5.78,736,1177,1189,503,557,1,3,0,0,0,0,0,0,0,0,0,0,0,0,0,0,0,0,0,0,0,0,0,0,1,3,0,0,0,0,0,0,0,0,0,0,0,0,0,0
Gimme Shelter,2013,tt1657510,193548,210,84,180,253,196,117,66,42,20,57,1225,6.79,3,22,66,12,2,91,3.4,2,7,5,10,2,0,4,3.2,0,0,0,0,0,0,15,3.6,1,1,0,0,0,0,4,3.2,0,0,0,0,0,0,0,0,0,0,0,0,0,0
1,2013,tt2395385,223482,60,28,100,187,255,174,84,46,37,42,1013,5.87,11,35,87,61,8,14,2.7,0,0,2,1,1,0,0,0,0,0,0,0,0,0,4,2.9,0,0,0,1,1,0,5,2.9,0,0,0,1,0,0,0,0,0,0,0,0,0,0
Thalaivaa,2013,tt2617676,222891,33,1,3,6,6,15,1,1,1,9,76,7.03,2024,460,292,175,701,25,3.5,1,0,2,1,0,1,0,0,0,0,0,0,0,0,0,0,0,0,0,0,0,0,1,3,0,0,0,0,0,0,0,0,0,0,0,0,0,0
The Look of Love,2013,tt1951216,203726,16,13,32,83,107,65,27,16,10,16,385,5.90,36,210,578,137,17,241,2.6,3,9,20,21,6,1,6,3.2,0,0,1,0,0,0,0,0,0,0,0,0,0,0,16,3.2,0,2,2,0,0,0,5,3.2,0,0,0,0,0,0
Shuddh Desi Romance,2013,tt2988272,222976,8,11,23,38,39,30,16,10,9,20,204,5.61,433,972,995,420,460,1,3,0,0,1,0,0,0,0,0,0,0,0,0,0,0,0,0,0,0,0,0,0,0,1,3,0,0,0,0,0,0,0,0,0,0,0,0,0,0
Life of a King,2013,tt2708254,225966,67,29,80,143,77,29,7,7,3,25,467,6.98,9,39,70,10,2,5,3.1,0,1,0,1,0,0,0,0,0,0,0,0,0,0,19,3.5,0,0,0,0,0,0,2,3,0,0,0,0,0,0,0,0,0,0,0,0,0,0
Java Heat,2013,tt2083231,198266,19,4,13,27,67,87,55,25,23,32,352,4.91,11,27,185,190,53,0,0,0,0,0,0,0,0,4,3.1,0,0,0,0,0,0,4,3.1,1,0,0,0,0,0,8,2.9,0,0,0,0,0,0,4,3.1,0,0,0,0,0,0
Peeples,2013,tt1699755,185918,98,36,97,179,238,218,120,79,39,125,1229,5.51,3,14,54,22,3,2,3,0,0,0,0,0,0,0,0,0,0,0,0,0,0,0,0,0,0,0,0,0,0,2,3,0,0,0,0,0,0,0,0,0,0,0,0,0,0
A Madea Christmas,2013,tt2609758,216060,206,63,107,117,153,102,68,67,70,354,1307,5.12,855,364,316,213,952,3,3,0,0,0,0,0,0,1,3,0,0,0,0,0,0,0,0,0,0,0,0,0,0,1,3,0,0,0,0,0,0,0,0,0,0,0,0,0,0
Raze,2013,tt2111392,200076,57,22,67,120,138,132,96,49,34,65,780,5.51,4,11,25,21,8,97,2.2,0,3,8,7,6,3,0,0,0,0,0,0,0,0,0,0,0,0,0,0,0,0,3,2.9,0,0,0,0,0,0,0,0,0,0,0,0,0,0
In Secret,2013,tt0409379,199496,63,27,65,147,173,105,41,21,14,31,687,6.22,2,9,13,14,1,35,3.1,0,1,1,3,0,0,3,3.1,0,0,1,0,0,0,0,0,0,0,0,0,0,0,3,3.1,0,0,0,0,0,0,0,0,0,0,0,0,0,0
Sunshine on Leith,2013,tt2481198,223704,10,5,14,25,24,8,11,2,3,19,121,5.71,6,29,52,11,1,11,3.4,1,0,1,0,0,0,15,3.2,1,0,3,0,1,0,0,0,0,0,0,0,0,0,3,3.1,0,0,0,0,0,0,0,0,0,0,0,0,0,0
Hateship Loveship,2013,tt2463512,214508,68,41,83,169,157,99,49,22,14,20,722,6.43,7,15,50,16,1,0,0,0,0,0,0,0,0,5,2.9,0,0,1,0,0,0,10,3.1,0,0,0,0,0,0,4,3,0,0,0,1,0,0,0,0,0,0,0,0,0,0
My Little Pony: Equestria Girls,2013,tt2908228,227060,120,63,77,116,77,42,18,19,27,216,775,5.50,18,18,5,4,0,8,3.3,0,0,0,0,0,0,0,0,0,0,0,0,0,0,0,0,0,0,0,0,0,0,1,3,0,0,0,0,0,0,0,0,0,0,0,0,0,0
InAPPropriate Comedy,2013,tt1754811,201114,62,8,12,29,37,45,50,70,96,408,817,3.00,3,3,13,7,6,6,3.1,2,0,0,0,0,0,3,3,0,0,0,0,0,0,0,0,0,0,0,0,0,0,3,3,0,0,0,0,0,0,0,0,0,0,0,0,0,0
Touchy Feely,2013,tt2364949,216326,37,21,33,89,132,138,87,35,36,33,641,5.44,4,28,88,31,11,11,3.2,0,2,1,0,0,0,3,3,0,0,1,0,0,0,0,0,0,0,0,0,0,0,3,3,0,0,0,0,0,0,0,0,0,0,0,0,0,0
The Face of Love,2013,tt1839642,190309,35,22,66,85,111,78,31,14,6,12,460,6.34,1,10,10,1,0,155,3.2,2,8,13,7,4,1,12,2.9,0,0,3,2,0,0,12,3.2,0,0,1,0,0,0,7,2.9,0,0,0,1,0,0,4,3,0,0,0,0,0,0
Grace Unplugged,2013,tt2349460,222449,127,53,89,79,76,53,29,34,18,50,608,6.64,481,326,263,99,173,5,3.1,0,0,1,0,0,0,0,0,0,0,0,0,0,0,0,0,0,0,0,0,0,0,2,3.1,0,0,0,0,0,0,0,0,0,0,0,0,0,0
Black Nativity,2013,tt1425922,209793,62,22,38,47,45,51,36,35,24,121,481,4.98,218,127,161,115,354,22,2.9,0,0,0,2,0,0,2,3.1,0,0,0,0,0,0,0,0,0,0,0,0,0,0,0,0,0,0,0,0,0,0,0,0,0,0,0,0,0,0
Big Sur,2013,tt1462411,192944,32,19,36,52,66,54,36,16,14,27,352,5.84,5,6,9,3,7,0,0,0,0,0,0,0,0,4,3.1,0,0,1,0,0,0,0,0,0,0,0,0,0,0,4,3.1,0,0,0,0,0,0,5,3.2,0,0,0,0,0,0
I'm in Love with a Church Girl,2013,tt1618432,212179,48,17,28,15,18,7,19,24,19,52,247,5.44,3,2,15,8,1,7,3.1,0,0,0,0,0,0,2,3,0,0,0,0,0,0,6,3.2,0,0,0,1,0,0,2,3,0,0,0,0,0,0,0,0,0,0,0,0,0,0
"Bless Me, Ultima",2013,tt1390398,217588,52,33,66,60,52,24,20,9,5,10,331,7.02,24,38,21,8,0,2,3.1,0,0,0,0,0,0,0,0,0,0,0,0,0,0,0,0,0,0,0,0,0,0,2,3.1,0,0,0,0,0,0,0,0,0,0,0,0,0,0
The Christmas Candle,2013,tt2739338,224777,64,18,24,20,16,18,14,6,6,41,227,6.37,207,43,28,17,97,1,3,0,0,0,0,0,0,1,3,0,0,0,0,0,0,0,0,0,0,0,0,0,0,1,3,0,0,0,0,0,0,0,0,0,0,0,0,0,0
Copperhead,2013,tt2404555,220025,27,19,27,24,20,30,14,5,6,15,187,6.38,3,12,19,8,2,1,2.9,0,0,0,0,1,0,0,0,0,0,0,0,0,0,0,0,0,0,0,0,0,0,1,2.9,0,0,0,0,0,0,0,0,0,0,0,0,0,0
